name,arch,params,test_accuracy,poisonous_precision,poisonous_recall,poisonous_fnr,tp,fp,tn,fn,model_kwargs,train_overrides,elapsed_sec
cnn_deeper,cnn,3600930,0.9566666666666667,0.8470588235294118,1.0,0.0,72,13,215,0,"{""num_conv_blocks"": 4}",{},75.3
cnn_baseline,cnn,1699874,0.9566666666666667,0.8831168831168831,0.9444444444444444,0.05555555555555555,68,9,219,4,{},{},76.2
cnn_wider_kernel,cnn,1865250,0.92,0.8,0.8888888888888888,0.1111111111111111,64,16,212,8,"{""kernel_size"": 5, ""padding"": 2}",{},80.9
cnn_heavier_reg,cnn,1699874,0.8866666666666667,0.7261904761904762,0.8472222222222222,0.1527777777777778,61,23,205,11,"{""conv_dropout"": 0.1, ""fc_dropout"": 0.6}",{},74.8
vit_baseline,vit,4987138,0.8966666666666666,0.7303370786516854,0.9027777777777778,0.09722222222222222,65,24,204,7,{},{},81.3
vit_less_reg,vit,4987138,0.8766666666666667,0.6881720430107527,0.8888888888888888,0.1111111111111111,64,29,199,8,"{""mlp_dropout"": 0.0, ""head_dropout"": 0.2}",{},81.1
vit_deeper,vit,6566658,0.8866666666666667,0.7375,0.8194444444444444,0.18055555555555555,59,21,207,13,"{""depth"": 8}",{},81.8
vit_smaller,vit,917378,0.83,0.6105263157894737,0.8055555555555556,0.19444444444444445,58,37,191,14,"{""embed_dim"": 128, ""num_heads"": 4, ""depth"": 4}",{},77.1
